{"ResolutionX":1920,"ResolutionY":1080,"Windowed":false,"Borderless":false,"MusicVolume":0.6000000238418579,"EffectsVolume":0.7999999523162842,"Bindings":"","HighScores":[22,19,19]}