{"ResolutionX":1920,"ResolutionY":1080,"Windowed":false,"Borderless":false,"MusicVolume":0.9351736903190613,"EffectsVolume":0.9351736903190613,"Bindings":"","HighScores":[2294,36,36],"PlayerId":"2185442"}